Area (sq ft),Bedrooms,Age of House (years),Price
1927,4,25,217000
1453,3,3,180000
1849,4,27,208000
1480,3,36,146000
841,1,35,86000
2369,5,1,267000
1861,4,10,219000
1927,4,9,206000
904,2,18,89000
1494,3,5,202000
1049,2,35,113000
2054,5,31,217000
1395,3,33,127000
1810,4,8,185000
1610,3,0,195000
991,2,37,123000
1504,3,11,185000
742,1,26,68000
1811,4,37,194000
1620,3,1,183000
1915,4,0,235000
1310,2,0,167000
2181,5,6,265000
1766,4,2,232000
1823,4,33,198000
1179,2,24,135000
1521,3,40,141000
670,1,32,72000
1161,2,39,128000
1527,3,9,173000
1802,3,11,197000
2425,5,34,274000
1048,2,10,127000
1116,2,2,162000
1324,3,27,140000
1079,2,32,126000
1188,2,39,113000
1645,3,38,167000
1063,2,4,156000
1422,3,31,146000
1242,3,34,118000
1830,4,28,195000
1373,3,33,149000
1086,2,34,88000
1745,4,18,211000
1839,4,1,224000
939,2,18,124000
974,2,8,96000
1756,3,4,202000
996,2,5,110000
1018,2,28,97000
1020,1,20,111000
2199,4,22,240000
1359,3,30,142000
1456,3,22,161000
1891,4,25,212000
1707,3,3,196000
1382,3,34,151000
1121,2,18,136000
1243,2,6,157000
1552,3,33,167000
1455,3,30,158000
1484,3,2,212000
1685,4,7,208000
1471,3,0,185000
1468,3,11,167000
1528,3,4,177000
1083,2,29,97000
857,1,21,81000
1622,3,40,158000
1169,2,30,123000
1542,3,25,169000
1856,4,20,202000
1150,2,2,159000
713,1,2,107000
1188,2,25,124000
1138,2,0,141000
1751,3,1,221000
1689,3,8,203000
1896,4,36,180000
1408,3,18,162000
1367,3,29,150000
1993,4,16,218000
1182,2,7,148000
858,1,15,81000
591,1,3,102000
1611,3,31,183000
1555,3,7,186000
1017,2,15,125000
1443,3,40,113000
1182,2,24,113000
1506,3,18,169000
1465,3,22,151000
1138,2,32,122000
1120,2,10,160000
1518,3,26,150000
1327,2,35,119000
492,1,23,57000
1122,2,18,147000
2221,5,5,256000
1886,4,10,228000
1455,3,38,167000
939,2,22,86000
2239,5,12,249000
2057,4,17,229000
1316,3,23,142000
1604,3,22,187000
1111,2,28,119000
793,1,10,76000
1724,4,26,198000
1460,3,18,161000
1306,2,38,139000
1220,2,6,143000
1708,3,6,197000
1291,2,18,150000
1903,4,20,225000
2059,4,28,227000
1553,3,16,159000
1599,3,37,167000
1464,3,19,155000
1508,3,5,190000
1416,3,4,162000
919,1,39,83000
1359,3,5,163000
894,1,38,61000
1477,3,11,186000
1291,2,3,163000
1240,2,12,138000
1368,2,25,161000
1588,3,17,176000
961,2,32,97000
2192,5,25,249000
1359,3,16,153000
1088,2,26,121000
1681,3,39,159000
877,1,16,94000
2116,5,6,276000
1378,3,16,150000
1854,4,34,167000
654,1,8,106000
1419,3,38,173000
1537,3,24,164000
2339,5,24,238000
1573,3,12,182000
1225,3,37,121000
1187,2,1,150000
1159,2,12,125000
1550,3,17,185000
1694,3,19,195000
552,1,19,47000
1779,4,6,228000
1921,4,9,254000
960,2,3,131000
1677,3,23,179000
1194,2,14,137000
1602,3,23,183000
1081,2,24,97000
1598,3,28,172000
1628,3,22,175000
1878,4,26,229000
1178,2,24,124000
1882,4,26,227000
1046,2,25,100000
782,1,12,101000
1482,3,10,183000
1196,2,32,109000
1970,4,14,231000
1723,4,22,211000
1135,2,8,136000
2378,5,17,252000
1061,2,21,118000
1401,3,25,144000
1174,2,21,125000
2301,5,14,267000
1151,2,39,87000
959,1,21,82000
1603,3,33,171000
2301,5,30,244000
1916,4,22,184000
1779,3,36,188000
1825,4,5,228000
1610,4,37,161000
1693,3,34,157000
1095,2,20,133000
1863,4,30,205000
1657,3,21,212000
958,2,11,125000
650,1,32,64000
1308,3,10,160000
1055,2,12,138000
2253,5,21,263000
1213,2,34,134000
1183,2,15,131000
1680,4,20,189000
873,2,1,117000
1157,2,4,156000
1443,3,2,202000
1905,4,2,230000
1234,2,35,115000
1167,2,34,118000
